{
  "view/Master.view.xml": 1672081025354,
  "Component.js": 1671695427763,
  "model/carrito.json": 1671206509704,
  "manifest.json": 1672200775062,
  "utils/locate-reuse-libs.js": 1671697065691,
  "model/models.js": 1671206509716,
  "model/formatter.js": 1671697024927,
  "model/collect.min.js": 1671206509712,
  "model/cart.js": 1672180749489,
  "model/LocalStorageModel.js": 1671206509704,
  "model/EmailType.js": 1671206509704,
  "controller/Welcome.controller.js": 1672081000314,
  "controller/Product.controller.js": 1672180771937,
  "controller/OrderCompleted.controller.js": 1672081000306,
  "controller/NotFound.controller.js": 1672081000306,
  "controller/Master.controller.js": 1672081000306,
  "controller/Home.controller.js": 1672200749212,
  "controller/Comparison.controller.js": 1672081000302,
  "controller/Checkout.controller.js": 1672193810056,
  "controller/Category.controller.js": 1672195230429,
  "controller/Cart.controller.js": 1672081000294,
  "controller/BaseController.js": 1672081000290,
  "controller/App.controller.js": 1672081000286,
  "control/InputValueHelp.js": 1671206509580,
  "initMockServer.js": 1671206509684,
  "model/carritov2.json": 1671206509708,
  "Component-preload.js": 1672200776000,
  "controller/Master-dbg.controller.js": 1672081000306,
  "model/models-dbg.js": 1671206509716,
  "model/formatter-dbg.js": 1671697024927,
  "model/collect.min-dbg.js": 1671206509712,
  "model/cart-dbg.js": 1672180749489,
  "model/LocalStorageModel-dbg.js": 1671206509704,
  "model/EmailType-dbg.js": 1671206509704,
  "controller/Welcome-dbg.controller.js": 1672081000314,
  "controller/Product-dbg.controller.js": 1672180771937,
  "controller/OrderCompleted-dbg.controller.js": 1672081000306,
  "controller/NotFound-dbg.controller.js": 1672081000306,
  "utils/locate-reuse-libs-dbg.js": 1671697065691,
  "controller/Home-dbg.controller.js": 1672200749212,
  "controller/Comparison-dbg.controller.js": 1672081000302,
  "controller/Checkout-dbg.controller.js": 1672193810056,
  "controller/Category-dbg.controller.js": 1672195230429,
  "controller/Cart-dbg.controller.js": 1672081000294,
  "controller/BaseController-dbg.js": 1672081000290,
  "controller/App-dbg.controller.js": 1672081000286,
  "control/InputValueHelp-dbg.js": 1671206509580,
  "initMockServer-dbg.js": 1671206509684,
  "Component-dbg.js": 1671695427763,
  "view/fragment/UnidadMedida/WelcomeUM.fragment.xml": 1672081025438,
  "view/fragment/UnidadMedida/ProductUM.fragment.xml": 1672081025434,
  "view/fragment/UnidadMedida/ComparisonUM.fragment.xml": 1672081025430,
  "view/fragment/ProveedorSPOT/WelcomeComprasSPOT.fragment.xml": 1672081025422,
  "view/fragment/ProveedorSPOT/ProductComprasSPOT.fragment.xml": 1672081025418,
  "view/fragment/ProveedorSPOT/ComparisonComprasSPOT.fragment.xml": 1672081025418,
  "view/fragment/GrupoArticulo/WelcomeGrupoArt.fragment.xml": 1672081025382,
  "view/fragment/GrupoArticulo/ProductGrupoArt.fragment.xml": 1672081025378,
  "view/fragment/GrupoArticulo/ComparisonGrupoArt.fragment.xml": 1672081025374,
  "view/fragment/Checkout/Sociedad.fragment.xml": 1672081025366,
  "view/fragment/Checkout/Grupocompras.fragment.xml": 1672081025366,
  "view/fragment/Checkout/Clasepedido.fragment.xml": 1672081025366,
  "view/fragment/centrocosto.fragment.xml": 1672081025442,
  "view/fragment/centro.fragment.xml": 1672081025442,
  "view/fragment/asignacion.fragment.xml": 1672081025442,
  "view/fragment/addQuantity.fragment.xml": 1672081025438,
  "view/fragment/Sociedad.fragment.xml": 1672081025426,
  "view/fragment/ProductComprasSPOT.fragment.xml": 1672081025414,
  "view/fragment/Presupuesto.fragment.xml": 1672081025414,
  "view/fragment/OrgCompras.fragment.xml": 1672081025402,
  "view/fragment/NumProyecto.fragment.xml": 1672081025402,
  "view/fragment/NumOrden.fragment.xml": 1672081025398,
  "view/fragment/IngresarCantidad.fragment.xml": 1672081025394,
  "view/fragment/GrupoCompras.fragment.xml": 1672081025386,
  "view/fragment/DatosCabecera.fragment.xml": 1672081025374,
  "view/fragment/Cuenta.fragment.xml": 1672081025370,
  "view/fragment/ComprasSPOT.fragment.xml": 1672081025370,
  "view/fragment/ComparisonComprasSPOT.fragment.xml": 1672081025370,
  "view/Welcome.view.xml": 1672081025362,
  "view/Product.view.xml": 1672081025358,
  "view/OrderCompleted.view.xml": 1672081025358,
  "view/NotFound.view.xml": 1672081025354,
  "i18n/i18n.properties": 1672172720274,
  "view/IngresarCantidad.fragment.xml": 1672081025354,
  "view/Home.view.xml": 1672081025350,
  "view/DetalleArticulos.fragment.xml": 1672081025350,
  "view/ComparisonItem.fragment.xml": 1672081025346,
  "view/Comparison.view.xml": 1672081025346,
  "view/Checkout.view.xml": 1672192484332,
  "view/CategoryFilterDialog.fragment.xml": 1672081025342,
  "view/Category.view.xml": 1672081025338,
  "view/Cart.view.xml": 1672081025338,
  "view/App.view.xml": 1672081025334,
  "img/slider2.png": 1671206509676,
  "img/slider1.png": 1671206509672,
  "img/shopppingcar.jpg": 1671206509660,
  "img/logo.png": 1671206509660,
  "img/imageMain.png": 1671597386342,
  "img/image2Main.png": 1671597386614,
  "img/car.png": 1671206509656,
  "img/almacen02.png": 1671634994631,
  "img/alcsagrupo.jpg": 1671206509656,
  "img/alcsa.png": 1671206509652,
  "img/alayri-logo-04.png": 1671206509640,
  "img/alayri-favicon.png": 1671206509632,
  "img/ShopCarouselTablet.jpg": 1671206509632,
  "img/ShopCarouselShipping.jpg": 1671206509628,
  "img/ShopCarouselInviteFriend.jpg": 1671206509624,
  "img/ShopCarouselCreditCard.jpg": 1671206509624,
  "img/11030-200.png": 1671206509620,
  "css/style.css": 1671206509616,
  "test.html": 1671206509744,
  "index.html": 1671206509680
}