{
  "view/Checkout.view.xml": 1671702862259,
  "controller/OrderCompleted.controller.js": 1671206509608,
  "model/carrito.json": 1671206509704,
  "manifest.json": 1671703264257,
  "utils/locate-reuse-libs.js": 1671697065691,
  "model/models.js": 1671206509716,
  "model/formatter.js": 1671697024927,
  "model/collect.min.js": 1671206509712,
  "model/cart.js": 1671698945769,
  "model/LocalStorageModel.js": 1671206509704,
  "model/EmailType.js": 1671206509704,
  "controller/Welcome.controller.js": 1671696984271,
  "controller/Product.controller.js": 1671696992579,
  "model/carritov2.json": 1671206509708,
  "controller/NotFound.controller.js": 1671206509608,
  "controller/Master.controller.js": 1671206509604,
  "controller/Home.controller.js": 1671684226895,
  "controller/Comparison.controller.js": 1671696969399,
  "controller/Checkout.controller.js": 1671701797927,
  "controller/Category.controller.js": 1671597238255,
  "controller/Cart.controller.js": 1671696901111,
  "controller/BaseController.js": 1671696881051,
  "controller/App.controller.js": 1671231003470,
  "control/InputValueHelp.js": 1671206509580,
  "initMockServer.js": 1671206509684,
  "Component.js": 1671695427763,
  "Component-preload.js": 1671703265687,
  "controller/NotFound-dbg.controller.js": 1671206509608,
  "model/models-dbg.js": 1671206509716,
  "model/formatter-dbg.js": 1671697024927,
  "model/collect.min-dbg.js": 1671206509712,
  "model/cart-dbg.js": 1671698945769,
  "model/LocalStorageModel-dbg.js": 1671206509704,
  "model/EmailType-dbg.js": 1671206509704,
  "controller/Welcome-dbg.controller.js": 1671696984271,
  "controller/Product-dbg.controller.js": 1671696992579,
  "controller/OrderCompleted-dbg.controller.js": 1671206509608,
  "utils/locate-reuse-libs-dbg.js": 1671697065691,
  "controller/Master-dbg.controller.js": 1671206509604,
  "controller/Home-dbg.controller.js": 1671684226895,
  "controller/Comparison-dbg.controller.js": 1671696969399,
  "controller/Checkout-dbg.controller.js": 1671701797927,
  "controller/Category-dbg.controller.js": 1671597238255,
  "controller/Cart-dbg.controller.js": 1671696901111,
  "controller/BaseController-dbg.js": 1671696881051,
  "controller/App-dbg.controller.js": 1671231003470,
  "control/InputValueHelp-dbg.js": 1671206509580,
  "initMockServer-dbg.js": 1671206509684,
  "Component-dbg.js": 1671695427763,
  "view/fragment/UnidadMedida/WelcomeUM.fragment.xml": 1671206509812,
  "view/fragment/UnidadMedida/ProductUM.fragment.xml": 1671206509812,
  "view/fragment/UnidadMedida/ComparisonUM.fragment.xml": 1671206509812,
  "view/fragment/ProveedorSPOT/WelcomeComprasSPOT.fragment.xml": 1671206509808,
  "view/fragment/ProveedorSPOT/ProductComprasSPOT.fragment.xml": 1671206509804,
  "view/fragment/ProveedorSPOT/ComparisonComprasSPOT.fragment.xml": 1671206509804,
  "view/fragment/GrupoArticulo/WelcomeGrupoArt.fragment.xml": 1671206509788,
  "view/fragment/GrupoArticulo/ProductGrupoArt.fragment.xml": 1671206509788,
  "view/fragment/GrupoArticulo/ComparisonGrupoArt.fragment.xml": 1671206509784,
  "view/fragment/Checkout/Sociedad.fragment.xml": 1671206509776,
  "view/fragment/Checkout/Grupocompras.fragment.xml": 1671206509772,
  "view/fragment/Checkout/Clasepedido.fragment.xml": 1671206509772,
  "view/fragment/centrocosto.fragment.xml": 1671206509820,
  "view/fragment/centro.fragment.xml": 1671206509820,
  "view/fragment/asignacion.fragment.xml": 1671206509816,
  "view/fragment/addQuantity.fragment.xml": 1671703171663,
  "view/fragment/Sociedad.fragment.xml": 1671206509808,
  "view/fragment/ProductComprasSPOT.fragment.xml": 1671206509804,
  "view/fragment/Presupuesto.fragment.xml": 1671206509800,
  "view/fragment/OrgCompras.fragment.xml": 1671206509800,
  "view/fragment/NumProyecto.fragment.xml": 1671206509796,
  "view/fragment/NumOrden.fragment.xml": 1671206509796,
  "view/fragment/IngresarCantidad.fragment.xml": 1671206509792,
  "view/fragment/GrupoCompras.fragment.xml": 1671206509792,
  "view/fragment/DatosCabecera.fragment.xml": 1671206509784,
  "view/fragment/Cuenta.fragment.xml": 1671206509780,
  "view/fragment/ComprasSPOT.fragment.xml": 1671206509780,
  "view/fragment/ComparisonComprasSPOT.fragment.xml": 1671206509776,
  "view/Welcome.view.xml": 1671702737531,
  "view/Product.view.xml": 1671702788195,
  "view/OrderCompleted.view.xml": 1671206509768,
  "view/NotFound.view.xml": 1671206509764,
  "view/Master.view.xml": 1671206509764,
  "view/IngresarCantidad.fragment.xml": 1671206509760,
  "view/Home.view.xml": 1671209533500,
  "view/DetalleArticulos.fragment.xml": 1671206509760,
  "view/ComparisonItem.fragment.xml": 1671206509756,
  "view/Comparison.view.xml": 1671702724519,
  "i18n/i18n.properties": 1671679407347,
  "view/CategoryFilterDialog.fragment.xml": 1671206509752,
  "view/Category.view.xml": 1671594180536,
  "view/Cart.view.xml": 1671702825687,
  "view/App.view.xml": 1671206509748,
  "img/slider2.png": 1671206509676,
  "img/slider1.png": 1671206509672,
  "img/shopppingcar.jpg": 1671206509660,
  "img/logo.png": 1671206509660,
  "img/imageMain.png": 1671597386342,
  "img/image2Main.png": 1671597386614,
  "img/car.png": 1671206509656,
  "img/almacen02.png": 1671634994631,
  "img/alcsagrupo.jpg": 1671206509656,
  "img/alcsa.png": 1671206509652,
  "img/alayri-logo-04.png": 1671206509640,
  "img/alayri-favicon.png": 1671206509632,
  "img/ShopCarouselTablet.jpg": 1671206509632,
  "img/ShopCarouselShipping.jpg": 1671206509628,
  "img/ShopCarouselInviteFriend.jpg": 1671206509624,
  "img/ShopCarouselCreditCard.jpg": 1671206509624,
  "img/11030-200.png": 1671206509620,
  "css/style.css": 1671206509616,
  "test.html": 1671206509744,
  "index.html": 1671206509680
}