{
  "welcomeFile": "/index.html",
  "authenticationMethod": "none",
  "routes": [{
		"source": "^/bpmworkflowruntime/(.*)$",
		"target": "/$1",
		"service": "com.sap.bpm.workflow",
		"endpoint": "workflow_rest_url",
		"authenticationType": "xsuaa"
    },
    {
      "source": "^/sb1sl/(.*)$",
      "target": "$1",
      "authenticationType": "none",
      "destination": "TestB1SL",
      "csrfProtection": false
    },
    {
      "source": "^/resources/(.*)$",
      "target": "/resources/$1",
      "authenticationType": "none",
      "destination": "ui5"
    },
    {
      "source": "^/test-resources/(.*)$",
      "target": "/test-resources/$1",
      "authenticationType": "none",
      "destination": "ui5"
    },
    {
      "source": "^(.*)$",
      "target": "$1",
      "service": "html5-apps-repo-rt",
      "authenticationType": "xsuaa"
    }
  ]
}
