{
  "welcomeFile": "/index.html",
  "authenticationMethod": "route",
  "routes": [{
		"source": "^/bpmworkflowruntime/(.*)$",
		"target": "/$1",
		"service": "com.sap.bpm.workflow",
		"endpoint": "workflow_rest_url",
		"authenticationType": "xsuaa"
    },
    {
      "source": "^/iasscim/(.*)$",
      "target": "$1",
      "authenticationType": "none",
      "destination": "DAC_IAS_API",
      "csrfProtection": false
    },
    {
      "source": "^/sb1sl/(.*)$",
      "target": "$1",
      "authenticationType": "none",
      "destination": "serviceLayer",
      "csrfProtection": false
    },
    {
      "source": "^/wfrest/(.*)$",
      "target": "$1",
      "authenticationType": "none",
      "destination": "WorkflowRESTAPI",
      "csrfProtection": false
    },
    {
      "source": "^/resources/(.*)$",
      "target": "/resources/$1",
      "authenticationType": "none",
      "destination": "ui5"
    },
    {
      "source": "^/test-resources/(.*)$",
      "target": "/test-resources/$1",
      "authenticationType": "none",
      "destination": "ui5"
    },
    {
      "source": "^(.*)$",
      "target": "$1",
      "service": "html5-apps-repo-rt",
      "authenticationType": "xsuaa",
      "cacheControl": "no-cache, no-store, must-revalidate"
    }
  ]
}
