{
  "controller/Home-dbg.controller.js": 1688158412454,
  "controller/Category.controller.js": 1687852868045,
  "model/carritov2.json": 1685658691633,
  "model/carrito.json": 1687875069742,
  "manifest.json": 1688174834276,
  "utils/locate-reuse-libs.js": 1685658691637,
  "model/models.js": 1685658691633,
  "model/formatter.js": 1685658691633,
  "model/collect.min.js": 1685658691633,
  "model/cart.js": 1687363178099,
  "model/LocalStorageModel.js": 1685658814829,
  "model/EmailType.js": 1685658814829,
  "service/serviceSL.js": 1688169978056,
  "controller/Welcome.controller.js": 1685658814829,
  "controller/Product.controller.js": 1686848601037,
  "controller/OrderCompleted.controller.js": 1685658814829,
  "controller/NotFound.controller.js": 1685658814661,
  "controller/Master.controller.js": 1685658814661,
  "controller/Home.controller.js": 1688158412454,
  "controller/Comparison.controller.js": 1685658814661,
  "controller/Checkout.controller.js": 1688172167775,
  "model/cartProducts.json": 1685658814829,
  "controller/Cart.controller.js": 1685658814661,
  "controller/BaseController.js": 1687362844344,
  "controller/App.controller.js": 1687837457415,
  "control/InputValueHelp.js": 1685658691621,
  "initMockServer.js": 1685658814661,
  "Component.js": 1685658814661,
  "Component-preload.js": 1688174835438,
  "model/models-dbg.js": 1685658691633,
  "service/serviceSL-dbg.js": 1688169978056,
  "utils/locate-reuse-libs-dbg.js": 1685658691637,
  "model/formatter-dbg.js": 1685658691633,
  "model/collect.min-dbg.js": 1685658691633,
  "model/cart-dbg.js": 1687363178099,
  "model/LocalStorageModel-dbg.js": 1685658814829,
  "model/EmailType-dbg.js": 1685658814829,
  "controller/Welcome-dbg.controller.js": 1685658814829,
  "controller/Product-dbg.controller.js": 1686848601037,
  "controller/OrderCompleted-dbg.controller.js": 1685658814829,
  "controller/NotFound-dbg.controller.js": 1685658814661,
  "controller/Master-dbg.controller.js": 1685658814661,
  "i18n/i18n.properties": 1688147788002,
  "controller/Comparison-dbg.controller.js": 1685658814661,
  "controller/Checkout-dbg.controller.js": 1688172167775,
  "controller/Category-dbg.controller.js": 1687852868045,
  "controller/Cart-dbg.controller.js": 1685658814661,
  "controller/BaseController-dbg.js": 1687362844344,
  "controller/App-dbg.controller.js": 1687837457415,
  "control/InputValueHelp-dbg.js": 1685658691621,
  "initMockServer-dbg.js": 1685658814661,
  "Component-dbg.js": 1685658814661,
  "view/fragment/UnidadMedida/WelcomeUM.fragment.xml": 1685658691637,
  "view/fragment/UnidadMedida/ProductUM.fragment.xml": 1685658691637,
  "view/fragment/UnidadMedida/ComparisonUM.fragment.xml": 1685658691637,
  "view/fragment/ProveedorSPOT/WelcomeComprasSPOT.fragment.xml": 1685658691637,
  "view/fragment/ProveedorSPOT/ProductComprasSPOT.fragment.xml": 1685658691637,
  "view/fragment/ProveedorSPOT/ComparisonComprasSPOT.fragment.xml": 1685658691637,
  "view/fragment/MashcodeReservas/OrdenTrabajo.fragment.xml": 1687259578256,
  "view/fragment/MashcodeReservas/Identificador.fragment.xml": 1687259578360,
  "view/fragment/MashcodeReservas/ClaveLabor.fragment.xml": 1687259578888,
  "view/fragment/MashcodeReservas/CentroCosto.fragment.xml": 1687276906481,
  "view/fragment/MashcodeReservas/ActivoFijo.fragment.xml": 1687259578360,
  "view/fragment/GrupoArticulo/WelcomeGrupoArt.fragment.xml": 1685658691637,
  "view/fragment/GrupoArticulo/ProductGrupoArt.fragment.xml": 1685658691637,
  "view/fragment/GrupoArticulo/ComparisonGrupoArt.fragment.xml": 1685658691637,
  "view/fragment/Checkout/Sociedad.fragment.xml": 1685658691637,
  "view/fragment/Checkout/Grupocompras.fragment.xml": 1685658691637,
  "view/fragment/Checkout/Clasepedido.fragment.xml": 1685658691637,
  "view/fragment/centrocosto.fragment.xml": 1685658691637,
  "view/fragment/centro.fragment.xml": 1685658691637,
  "view/fragment/asignacion.fragment.xml": 1685658691637,
  "view/fragment/addQuantity.fragment.xml": 1685658691637,
  "view/fragment/Sociedad.fragment.xml": 1685658691637,
  "view/fragment/ProductComprasSPOT.fragment.xml": 1685658691637,
  "view/fragment/Presupuesto.fragment.xml": 1685658691637,
  "view/fragment/OrgCompras.fragment.xml": 1685658691637,
  "view/fragment/NumProyecto.fragment.xml": 1685658691637,
  "view/fragment/NumOrden.fragment.xml": 1685658691637,
  "view/fragment/IngresarCantidad.fragment.xml": 1685658691637,
  "view/fragment/GrupoCompras.fragment.xml": 1685658691637,
  "view/fragment/DatosCabecera.fragment.xml": 1685658814833,
  "view/fragment/Cuenta.fragment.xml": 1685658691637,
  "view/fragment/ComprasSPOT.fragment.xml": 1685658691637,
  "view/fragment/ComparisonComprasSPOT.fragment.xml": 1685658691637,
  "view/fragment/Alternativo.fragment.xml": 1686159739418,
  "view/Welcome.view.xml": 1685658814829,
  "view/Product.view.xml": 1685658814829,
  "view/OrderCompleted.view.xml": 1685658814833,
  "view/NotFound.view.xml": 1685658814829,
  "view/Master.view.xml": 1685658814833,
  "view/IngresarCantidad.fragment.xml": 1685658691637,
  "view/Home.view.xml": 1686161267609,
  "view/DetalleArticulos.fragment.xml": 1685658814833,
  "view/ComparisonItem.fragment.xml": 1685658691637,
  "view/Comparison.view.xml": 1685658814833,
  "view/Checkout.view.xml": 1688158550363,
  "view/CategoryFilterDialog.fragment.xml": 1685658691637,
  "view/Category.view.xml": 1685658814833,
  "view/Cart.view.xml": 1685658814829,
  "view/App.view.xml": 1685658814833,
  "img/slider2.png": 1685658691633,
  "img/slider1.png": 1685658691633,
  "img/shopppingcar.jpg": 1685658691629,
  "img/logo.png": 1685658691629,
  "img/imageMain.png": 1685658691629,
  "img/image2Main.png": 1685658691629,
  "img/car.png": 1685658691629,
  "img/almacen02.png": 1685658691629,
  "img/alcsagrupo.jpg": 1685658691629,
  "img/alcsa.png": 1685658691629,
  "img/alayri-logo-04.png": 1685658691629,
  "img/alayri-favicon.png": 1685658691629,
  "img/ShopCarouselTablet.jpg": 1685658691629,
  "img/ShopCarouselShipping.jpg": 1685658691629,
  "img/ShopCarouselInviteFriend.jpg": 1685658691629,
  "img/ShopCarouselCreditCard.jpg": 1685658691629,
  "img/LogoImageSD.png": 1685658691629,
  "img/11030-200.png": 1685658691625,
  "img/06.png": 1685658691625,
  "img/05.png": 1685658691625,
  "img/04.png": 1685658691625,
  "img/03.png": 1685658691625,
  "img/02.png": 1685658691625,
  "img/01.png": 1685658691621,
  "css/style.css": 1685658691621,
  "test.html": 1685658691637,
  "index.html": 1685658814661
}